seed,scenario,cost_epoch200,cost_epoch500,difference_500_minus_200
11,nominal,167.69478041081868,167.69418891150318,-0.0005914993155045067
22,nominal,167.5158571598173,167.515794702895,-6.245692230777422e-05
33,nominal,167.50559248644498,167.50526065836465,-0.0003318280803341622
44,nominal,167.6360022844049,167.63475258447266,-0.0012496999322308966
55,nominal,167.3508336837125,167.35070351060867,-0.0001301731038267917
11,congested,304.95523693105974,304.95537064651086,0.0001337154511134031
22,congested,304.77138976983883,304.76817885286664,-0.003210916972193445
33,congested,304.77255727154284,304.77231739449616,-0.0002398770466811584
44,congested,304.972047681905,304.97024295639756,-0.0018047255074407076
55,congested,304.62658420209203,304.6268892577871,0.00030505569509386987
