seed,epoch,interior_mse,face_mse,weighted_mse
11,200,0.0013625185451970653,0.0022099805879518147,0.0016450058927819818
11,500,0.0029890133758389264,0.0030111636517981574,0.0029963968011586703
22,200,0.0039208775593669995,0.009106756079724996,0.005649503732819665
22,500,0.00017516787927796874,0.0003416182216301447,0.00023065132672869405
33,200,0.0008239735665585579,0.0017817019393239785,0.0011432163574803648
33,500,0.000680457247719084,0.0013348680086485625,0.0008985941680289102
44,200,0.002497820732819237,0.004835009878768607,0.0032768837814690275
44,500,0.000233786228187451,0.00039301580238921717,0.000286862752921373
55,200,0.0015303056869430003,0.002889177818768314,0.001983263064218105
55,500,0.0005444992452170576,0.0010020636042356631,0.0006970206982232595
