scenario,policy,vehicle_hours,completed,rejected,saturation,projection_vehicle_abs,projection_context_abs,balance_error_max
nominal,open,2694.071355112235,3325.836752960625,1593.935961177239,0.0,0.0,0.0,3.794739800166979e-13
nominal,fixed,2697.884955512543,3074.666099629349,1780.6530458232767,0.0,0.0,0.0,3.676802126650891e-13
nominal,reactive,2694.071355112235,3325.836752960625,1593.935961177239,0.0,0.0,0.0,3.794739800166979e-13
nominal,pinn,2694.7490202497747,3303.809226595896,1605.2774578923747,0.0,0.0,0.0,3.794257963374292e-13
nominal,grid,2694.789405803904,3303.1234956660714,1605.68850581376,0.0,0.0,0.0,3.7962630261567647e-13
congested,open,4848.852697704325,3531.032152244627,2808.2946974989054,0.0,0.0,0.0,7.508934307676185e-13
congested,fixed,4832.0499499322195,3390.7868766455613,2932.036602167141,0.0,0.0,0.0,7.426941353583239e-13
congested,reactive,4845.369178897215,3525.9892673732174,2816.8445415827623,0.0,0.0,0.0,7.503096755012705e-13
congested,pinn,4848.315125573282,3505.180505666072,2825.264296519389,0.0,0.0,0.0,7.508065887756878e-13
congested,grid,4847.3280478861725,3501.93372508526,2828.7370158314557,0.0,0.0,0.0,7.511000918447586e-13
