scenario,dt,baseline,training_seeds,mean_paired_cost_difference,lower95,upper95
nominal,0.1,open,5,-0.9886952834310856,-0.990441052817012,-0.9869495140451592
nominal,0.1,fixed,5,-9.509603708019725,-9.53603712381729,-9.48317029222216
nominal,0.1,reactive,5,-0.9886952834310856,-0.990441052817012,-0.9869495140451592
nominal,0.1,grid,5,-0.0008177835199919,-0.000882717137469,-0.0007528499025147
nominal,0.05,open,5,-0.9835681879043752,-0.9858353363663006,-0.9813010394424496
nominal,0.05,fixed,5,-9.519657309350544,-9.551109040652726,-9.488205578048362
nominal,0.05,reactive,5,-0.9835681879043752,-0.9858353363663006,-0.9813010394424496
nominal,0.05,grid,5,-0.0008385930289623,-0.0008981479716661,-0.0007790380862585
nominal,0.025,open,5,-0.982416058036122,-0.9853566212571762,-0.9794754948150678
nominal,0.025,fixed,5,-9.510684768911618,-9.550656451846388,-9.470713085976849
nominal,0.025,reactive,5,-0.982416058036122,-0.9853566212571762,-0.9794754948150678
nominal,0.025,grid,5,-0.0008834567150464,-0.0009161436372365,-0.0008507697928562
congested,0.1,open,5,-1.221278767792193,-1.2273859562153937,-1.2151715793689926
congested,0.1,fixed,5,-3.8665335127498266,-3.8965718541732985,-3.836495171326354
congested,0.1,reactive,5,-1.298520207383198,-1.3037756558799394,-1.2932647588864568
congested,0.1,grid,5,-0.0073100364674703,-0.0077536453728435,-0.0068664275620971
congested,0.05,open,5,-1.2152989040501625,-1.2190452094521391,-1.2115525986481857
congested,0.05,fixed,5,-3.868764398036363,-3.8865124486592806,-3.8510163474134456
congested,0.05,reactive,5,-1.292636907827291,-1.2959049258143267,-1.289368889840255
congested,0.05,grid,5,-0.0076737747164594,-0.0079905881440218,-0.0073569612888971
congested,0.025,open,5,-1.2133007056696734,-1.2179091303021514,-1.2086922810371954
congested,0.025,fixed,5,-3.879463087348765,-3.899026927265391,-3.859899247432139
congested,0.025,reactive,5,-1.2909049236259982,-1.295006422798845,-1.2868034244531514
congested,0.025,grid,5,-0.0078527677103004,-0.0080872819611957,-0.0076182534594052
