scenario,dt,policy,mean_cost,lower95,upper95
nominal,0.1,open,168.43246868708607,168.3550347060077,168.50990266816444
nominal,0.1,fixed,176.9533771116747,176.861180519289,177.04557370406042
nominal,0.1,reactive,168.43246868708607,168.3550347060077,168.50990266816444
nominal,0.1,pinn,167.443773403655,167.36604652624206,167.52150028106794
nominal,0.1,grid,167.444591187175,167.36686429088036,167.52231808346966
nominal,0.05,open,168.52369889187753,168.36121421093222,168.68618357282284
nominal,0.05,fixed,177.0597880133237,176.86478065970158,177.2547953669458
nominal,0.05,reactive,168.52369889187753,168.36121421093222,168.68618357282284
nominal,0.05,pinn,167.54013070397315,167.3754456543568,167.7048157535895
nominal,0.05,grid,167.5409692970021,167.3763355018391,167.70560309216512
nominal,0.025,open,168.4241748342071,168.17049937429076,168.67785029412343
nominal,0.025,fixed,176.9524435450826,176.65807671796975,177.24681037219543
nominal,0.025,reactive,168.4241748342071,168.17049937429076,168.67785029412343
nominal,0.025,pinn,167.44175877617096,167.1853058915007,167.69821166084122
nominal,0.025,grid,167.44264223288602,167.18621263414144,167.6990718316306
congested,0.1,open,305.96285927153315,305.8649130170316,306.0608055260347
congested,0.1,fixed,308.60811401649084,308.5093463081268,308.7068817248549
congested,0.1,reactive,306.0401007111242,305.94265831428675,306.1375431079616
congested,0.1,pinn,304.7415805037411,304.6430178146315,304.8401431928507
congested,0.1,grid,304.7488905402085,304.65053742231004,304.84724365810695
congested,0.05,open,306.0337613523618,305.85816758747154,306.2093551172521
congested,0.05,fixed,308.687226846348,308.49470888011024,308.8797448125857
congested,0.05,reactive,306.1110993561389,305.93509282873526,306.2871058835425
congested,0.05,pinn,304.8184624483116,304.63956691046826,304.99735798615495
congested,0.05,grid,304.8261362230281,304.6472703421074,305.00500210394875
congested,0.025,open,305.9014530714341,305.6402679351956,306.1626382076726
congested,0.025,fixed,308.5676154531132,308.29902777205035,308.83620313417606
congested,0.025,reactive,305.9790572893904,305.71782039577704,306.2402941830038
congested,0.025,pinn,304.6881523657645,304.424846820185,304.951457911344
congested,0.025,grid,304.6960051334748,304.43263680224055,304.959373464709
