epoch,phase,optimizer_steps,seconds,interior_mse,face_mse,terminal_mse,interior_sample_max,face_sample_max,terminal_sample_max,total
0,initial,0,0.18304302799970174,17.88918138046829,21.717247454647666,1.0099643120034014,9.818230204390286,10.001214585355546,2.37346308195995,29.264846525228762
1,adam,30,1.3630715469998904,17.65030899490701,21.504537760048844,0.02544293913522092,9.818835945919043,10.081230371281523,0.4853084127186539,19.18948130797316
10,adam,300,11.848000659999798,11.302382435509616,12.930969504077185,0.024841329268035398,10.821041582478722,10.711167882528589,0.5922887028828095,12.09365808437916
20,adam,600,21.7824102149998,9.103125928069701,10.48562314956786,0.017571241852836386,10.936023060062285,10.430545420078433,0.39808168837846214,9.73967075376412
30,adam,900,32.500019664999854,7.612648595914353,8.927643601779197,0.025144132095354373,10.404965537648957,9.889498688806484,0.43544421471497596,8.302421585489512
40,adam,1200,42.78111800899978,6.724365246583916,7.958642549530547,0.024466090355455557,9.867306178811587,9.954138486718335,0.39236555942820717,7.380451917787348
50,adam,1500,53.160530454999844,6.102596004993211,7.256271298741493,0.029496639074771,9.440134351311825,10.037611438262653,0.3772036732556252,6.782120826990348
60,adam,1800,63.248406643999715,5.627042893881159,6.7105662451345545,0.024771881487517727,9.462801204880101,10.098621484304672,0.41597628652366125,6.235936159174134
70,adam,2100,73.73650560199985,5.246135481284527,6.256695187646875,0.03674818445984559,9.45159195636382,10.138484705987857,0.3458767056976956,5.950470561337099
80,adam,2400,84.16008014199997,4.930972658806778,5.882589750007913,0.029256696837315757,9.403076452017114,10.154643963417099,0.331174580399921,5.540745324246981
90,adam,2700,94.76447501699977,4.652005848920983,5.5267362810774205,0.024943983251047002,9.29737587959986,10.14264099337465,0.3806951136923238,5.1930224921502655
100,adam,3000,105.48553961499965,4.429959280826598,5.2543364750238775,0.017903210472035858,9.443721828750846,10.144417790100288,0.310725443266782,4.883783783612716
110,adam,3300,116.33589994399972,4.2278570020127715,5.01156267692467,0.02414487434293906,9.70023994008157,10.182643421384226,0.34044691139203753,4.730540970412795
120,adam,3600,127.04582077699979,4.054181505914946,4.789294234514134,0.018904729369471608,9.852648353317605,10.345483853415427,0.34381377466432417,4.488266375809392
130,adam,3900,137.53829211099992,3.9034481689823135,4.588277769237388,0.021873728004977593,10.064031940353955,10.597767129917626,0.40226015906859747,4.350461982450448
140,adam,4200,147.9492345829999,3.7495280671839746,4.391787835390834,0.017033750558091313,10.238557960707936,10.763960418222442,0.33700626957971247,4.133952162167175
150,adam,4500,158.62033441999984,3.62062887924813,4.2296242361956695,0.016769429302347795,10.186632803868136,11.02865736878877,0.38231667170039585,3.9913216245874543
160,adam,4800,169.9323688479999,3.508862790384734,4.114534128345796,0.01586243356683694,10.577299141809059,10.912527165866885,0.3938402915761767,3.869377572040124
170,adam,5100,181.43862759600006,3.403510470680493,3.915926688661727,0.023901810640672948,10.630064150860287,11.394923495181818,0.436022791741148,3.813333983080967
180,adam,5400,192.74842946499984,3.2957968906421478,3.7727124246212247,0.013453725071033748,10.876274822671444,11.577964056612245,0.33320013845441565,3.5893059860121777
190,adam,5700,203.6156995819997,3.2063586068468997,3.6706912793844793,0.02786873207947378,10.84928996393854,11.533457882737336,0.48609889421719443,3.6398234851541638
200,adam,6000,216.96233104799967,3.1148360840425817,3.5312412336032315,0.024820623496843188,11.095539083010797,11.60078819743234,0.40071000438535687,3.50184403553123
210,lbfgs,6010,242.38984665999988,3.1148360840425817,3.5312412336032315,0.024820623496843188,11.095539083010797,11.60078819743234,0.40071000438535687,3.50184403553123
220,lbfgs,6020,266.6206176769997,3.1148360840425817,3.5312412336032315,0.024820623496843188,11.095539083010797,11.60078819743234,0.40071000438535687,3.50184403553123
230,lbfgs,6030,288.020139879,3.1148360840425817,3.5312412336032315,0.024820623496843188,11.095539083010797,11.60078819743234,0.40071000438535687,3.50184403553123
